Nombre,Fecha_Fun,Pais
nunc,22/07/1995,Canada
vel,04/04/2021,Philippines
nec,08/10/2002,Saint Pierre and Miquelon
sapien,12/11/1981,Paraguay
lectus,10/11/2014,Russia
leo,17/05/2016,Philippines
aliquam,06/07/1996,Indonesia
at,17/04/2005,Portugal
ornare,05/01/1997,France
sit,26/11/2003,Indonesia
ac,03/05/2010,Indonesia
tellus,01/03/1982,Indonesia
diam,10/12/2008,Indonesia
at,29/04/2001,Yemen
nulla,25/11/2010,Lithuania
nisi,12/09/2011,Colombia
ut,08/09/2008,Venezuela
fusce,11/11/1987,France
id,07/07/1985,Myanmar
pede,27/04/2016,Comoros
eget,11/11/1989,Sweden
phasellus,08/08/2013,Philippines
dis,27/07/1993,France
velit,18/05/2013,Brazil
dui,01/11/2000,Czech Republic
dictumst,09/05/2005,Greece
vestibulum,31/08/1998,Portugal
tincidunt,22/02/2014,Mexico
cursus,24/12/1997,China
sit,20/05/2014,Russia
phasellus,04/08/2002,Ukraine
vestibulum,14/09/1993,Indonesia
consequat,26/10/2020,Philippines
mauris,03/10/1981,Portugal
ut,01/12/1997,China
in,04/10/2007,Ireland
nulla,06/05/2013,Indonesia
accumsan,26/06/1983,China
orci,01/06/2008,Brazil
eget,06/09/2011,Philippines
justo,23/03/2008,Cameroon
ultrices,27/02/1982,Brazil
sit,26/08/2000,Colombia
varius,29/11/2015,Portugal
ligula,05/11/2006,Poland
aliquet,07/05/2017,Bosnia and Herzegovina
velit,08/04/1981,Guyana
amet,20/09/1987,Mongolia
eget,07/11/1994,Philippines
quam,16/05/2016,Indonesia
sit,15/09/1993,Poland
leo,02/02/2001,Czech Republic
nec,19/01/2008,China
massa,20/11/2005,Indonesia
nec,17/04/2002,Brazil
at,21/03/2006,Honduras
facilisi,03/10/2008,Sweden
augue,28/11/1990,China
nonummy,08/08/2012,Russia
est,09/05/1989,Poland
enim,12/12/2011,Sweden
magna,07/10/1997,Philippines
donec,23/12/2011,Chile
rutrum,10/10/2005,Ukraine
nec,14/07/1987,United States
nulla,17/08/1986,Philippines
blandit,14/01/2011,United States
ipsum,03/01/2013,Greece
mauris,23/04/1987,Russia
consectetuer,20/06/2008,Indonesia
risus,26/08/1987,Sweden
vulputate,06/11/2015,Jordan
aliquam,19/02/1989,Ukraine
in,22/12/2009,Russia
nisi,15/01/1998,China
quis,01/11/1995,Sweden
in,20/07/2015,France
posuere,06/10/1981,China
bibendum,06/10/2001,Philippines
consequat,12/06/2018,Indonesia
dui,20/01/2005,Iran
et,27/02/2000,China
erat,16/07/1996,Russia
sollicitudin,07/03/1981,Russia
donec,12/11/1992,Brazil
porttitor,21/10/2013,Portugal
curabitur,27/10/1998,United States
integer,09/05/2009,Japan
odio,07/10/2008,Czech Republic
natoque,22/03/2016,Brazil
in,09/10/1993,Niger
dictumst,04/11/2018,Japan
lacus,21/02/1985,Papua New Guinea
eget,01/06/1999,China
orci,18/12/2009,Dominican Republic
lacus,11/08/2005,Libya
risus,20/08/1992,Colombia
urna,31/07/1992,Armenia
commodo,18/06/2009,China
etiam,03/08/2014,Brazil
